debug,2245276273
kind-of,1894360252
supports-color,1827723247
readable-stream,1712678249
source-map,1649319539
semver,1543517139
ms,1526426989
yargs,1481059102
strip-ansi,1440584175
punycode,1367467087
glob,1300589413
chalk,1300433964
string-width,1243180413
qs,1187280544
yargs-parser,1168109397
async,1167448773
lodash,1166546521
isarray,1119117610
inherits,1114394258
acorn,1114223263
pify,1095927711
is-glob,1040026822
cross-spawn,1035184518
isobject,1009722356
is-number,996838302
postcss,989278004
esprima,986705778
is-fullwidth-code-point,981976368
extend-shallow,964091231
core-js,953105657
safe-buffer,933115516
lru-cache,915850164
has-flag,904877463
iconv-lite,903089218
read-pkg,892018822
execa,891506048
mime-db,884374372
path-type,877517576
jsesc,866030457
is-descriptor,847130217
uuid,841960684
is-accessor-descriptor,841762020
is-data-descriptor,840842911
mime-types,840802767
wordwrap,836644424
regenerator-runtime,825796113
has-value,817719230
rimraf,794716765
braces,793480819
os-locale,793025304
graceful-fs,789243932
http-errors,768586611
json5,759672537
minimatch,755148205
extsprintf,754475310
globby,752923269
request,743755513
fast-deep-equal,743279419
micromatch,737695924
p-limit,737568414
fill-range,736910363
json-schema-traverse,732955769
p-locate,731580585
@types/node,730981135
locate-path,729607485
statuses,727852022
js-tokens,716404293
parse-json,711768197
har-validator,706296756
js-yaml,704406245
normalize-path,703506952
process-nextick-args,703365117
strip-bom,700613879
glob-parent,697824445
p-try,692237953
setprototypeof,689288906
ws,685732221
globals,680727125
object-assign,680538991
arr-diff,678089969
source-map-support,677761989
set-value,674653392
uglify-js,669959666
browserslist,662091105
combined-stream,657564547
extglob,649894017
expand-brackets,645281001
y18n,641654064
array-unique,635616159
path-to-regexp,635586562
oauth-sign,634902160
extend,634444139
bytes,628055951
is-extglob,627744236
http-signature,627353410
mkdirp,621774816
fsevents,612906405
nan,611352094
doctrine,604963487
color-name,602738815
aws-sign2,601810912
invert-kv,597905101
util,597839152
tunnel-agent,594333248
lcid,592383372
schema-utils,589238124
safer-buffer,589161701
make-dir,586404148
once,582063804
ignore,576615810
for-in,574556625
ansi-escapes,572995260
caseless,572373588
performance-now,572262180
sshpk,571707398
har-schema,571309833
to-fast-properties,570932244
slash,569381221
find-cache-dir,567686978
tweetnacl,567546467
brace-expansion,567448944
which-module,566560203
is-arrayish,565037941
color-convert,564812247
which,561459087
asn1,559064821
anymatch,556462646
figures,555349647
@babel/types,555109131
decamelize,554776089
sprintf-js,554508949
delayed-stream,553248248
raw-body,550053832
postcss-selector-parser,548922435
xtend,545101773
util-deprecate,536086190
domutils,533963506
require-main-filename,533602283
fast-json-stable-stringify,532017781
verror,531886807
jsonfile,531458197
ecc-jsbn,529110509
bcrypt-pbkdf,528643135
get-caller-file,526538000
tmp,524414356
asynckit,524363507
finalhandler,524143981
estraverse,523804742
concat-stream,523161374
jsprim,522832345
forever-agent,522728221
cookie,521801511
onetime,521755382
rxjs,520870011
mem,520268491
strip-json-comments,518335935
jsbn,515304108
isstream,514976210
is-typedarray,508974295
dashdash,507884339
fs.realpath,507597019
tar,506601084
uri-js,506515609
inflight,505749948
psl,504357667
concat-map,504335679
faye-websocket,503089936
is-plain-object,501230771
accepts,500842496
signal-exit,500570216
loader-utils,498817683
object-keys,498439775
parse5,493920341
send,493852549
convert-source-map,493624285
argparse,492006237
is-stream,488169290
buffer,487410535
end-of-stream,487239854
domelementtype,486117969
ipaddr.js,485538260
body-parser,483750324
cli-cursor,480613565
restore-cursor,479762502
indent-string,479163112
path-key,478243224
base64-js,476081234
mute-stream,475809400
spdx-license-ids,475512140
negotiator,472673927
@babel/generator,471143460
to-regex-range,469625590
node-fetch,469401934
for-own,467428955
buffer-from,466917955
range-parser,463727275
cosmiconfig,463687852
serve-static,463515224
express,461477250
path-parse,460501751
write-file-atomic,460127637
isexe,459203691
shebang-regex,458320372
parseurl,455754380
repeat-string,455403605
number-is-nan,453305898
hosted-git-info,452699953
tslib,451993496
clone,451759660
regjsgen,451392343
regjsparser,450575368
ajv-keywords,449272731
external-editor,448084091
moment,448041818
shebang-command,447759265
npm-run-path,445356990
os-tmpdir,444373077
@babel/code-frame,444086578
cssesc,442752079
ini,442378856
caniuse-lite,441996203
content-disposition,440743707
code-point-at,437831020
get-value,435415293
slice-ansi,434796939
unset-value,434779728
@babel/runtime,434593329
ieee754,434484950
spdx-correct,434331313
arr-union,433524693
proxy-addr,430613063
encodeurl,429644825
p-finally,429188724
@babel/template,428271060
on-finished,424670467
whatwg-url,424665151
repeat-element,424408838
atob,424148760
content-type,423293851
es6-promise,422648487
unpipe,421805227
union-value,420846197
ret,420139843
follow-redirects,420111240
set-blocking,419708347
loose-envify,417915266
diff,417346434
validate-npm-package-license,417113218
big.js,416867889
babel-runtime,416677512
cacache,416667619
events,416577554
through,416346995
mixin-deep,416274692
source-map-resolve,415855801
media-typer,415271428
ci-info,414622456
del,414109977
typedarray,413491840
imurmurhash,413285674
aproba,412927278
has,412761296
vary,412579440
postcss-value-parser,411095677
pseudomap,410311371
destroy,410273204
arr-flatten,409499052
abbrev,407939381
escodegen,407698297
use,406983985
define-properties,406747653
strip-eof,406316330
source-map-url,404567834
os-homedir,404350098
split-string,403239916
is-binary-path,402027122
async-each,400748935
assign-symbols,400058717
@babel/highlight,400026870
chardet,399773357
snapdragon-node,398579028
safe-regex,398213744
decode-uri-component,398120351
entities,398101777
pako,397993089
map-cache,397321239
regex-not,396363216
es-to-primitive,396189628
snapdragon,394974917
is-path-inside,394386947
remove-trailing-separator,393790365
is-symbol,393586890
meow,393257564
cache-base,392687661
urix,392018093
istanbul-lib-coverage,391720642
resolve-url,391040007
npmlog,390790127
babylon,390479039
class-utils,390396809
url,390070116
optimist,389366587
progress,388751011
spdx-exceptions,388462579
deep-extend,388264671
map-obj,387949044
pinkie-promise,387678421
to-object-path,387375646
snapdragon-util,387250889
autoprefixer,386627569
collection-visit,386578270
merge-descriptors,386489879
pinkie,386360427
chownr,386192877
object-visit,385997970
process,385588386
map-visit,385444743
static-extend,384709163
array-uniq,384182037
object-copy,383655595
strip-indent,383602036
copy-descriptor,383565089
arrify,382824385
posix-character-classes,381457646
forwarded,380538347
invariant,380217750
css-select,379239395
table,377176312
promise,376254992
is-callable,375882052
duplexify,375642569
p-map,373734158
emoji-regex,373532945
upath,370746046
camelcase-keys,370110995
run-async,369590686
optionator,369427205
is-regex,369286711
eslint,368881885
eventemitter3,368283952
import-fresh,366596233
istanbul-lib-instrument,363511302
normalize-url,362985611
levn,362796091
redent,362454564
@babel/core,362393377
has-symbols,361193519
gauge,361017306
htmlparser2,359183594
prop-types,358950058
deep-is,358079526
import-local,357905903
prelude-ls,356283964
nice-try,354778941
neo-async,353597807
repeating,353085761
trim-newlines,353012430
mississippi,352946194
espree,352626274
path-dirname,351515434
dot-prop,351274270
enhanced-resolve,351120364
regenerator-transform,350989469
array-union,350713909
wide-align,349615663
q,349470866
esrecurse,349080329
@babel/helper-function-name,349074725
querystring,345443154
cli-width,345302936
caller-path,344828930
webpack-sources,343661093
ssri,342400426
are-we-there-yet,341979533
osenv,340974476
babel-code-frame,340873779
symbol-observable,338350245
domhandler,338060436
memory-fs,335469607
async-limiter,332987813
is-obj,332962680
xmlbuilder,332547664
is-finite,331346792
file-entry-cache,331266752
p-is-promise,330560104
trim-right,330340880
acorn-jsx,329919500
log-symbols,329011024
detect-indent,328924074
deep-equal,328735598
babel-core,328582559
node-forge,328128149
underscore,327830138
hoist-non-react-statics,327477570
pretty-format,324887833
has-unicode,321917897
json-parse-better-errors,321273832
stream-shift,321227963
pumpify,321109659
lazy-cache,321064572
typescript,319513200
he,318828350
regenerate,318516547
dom-serializer,316308845
react-is,315571032
compressible,315164835
color,314655099
is-path-in-cwd,313806951
webpack-dev-middleware,313669763
write,313587955
bn.js,312667307
console-control-strings,312521081
timers-browserify,310186593
global-prefix,309698612
elliptic,309157523
interpret,309097665
is-utf8,307390509
asap,304988255
hash.js,302963912
jsdom,302615265
parse-asn1,302468290
path-browserify,302312214
file-loader,301605564
browserify-zlib,301191901
assert,300948019
natural-compare,300324722
on-headers,300214751
ansi-colors,299869460
pbkdf2,299794730
vm-browserify,299678273
errno,299424556
public-encrypt,298915335
private,298107283
minipass,297092173
lowercase-keys,296575174
ripemd160,296094283
hash-base,295916591
minimalistic-assert,295912697
requires-port,295121121
randombytes,294111956
prr,293822532
stream-browserify,293685228
object.getownpropertydescriptors,292864972
@babel/plugin-proposal-object-rest-spread,292536005
acorn-globals,291748313
url-parse,291706660
commondir,291681213
tty-browserify,291614990
setimmediate,291156309
browserify-aes,291037341
text-table,290791823
window-size,290728415
asn1.js,290555983
stream-http,289906229
css-what,288145859
hoek,287662337
domain-browser,287111743
console-browserify,286637188
https-browserify,286613376
querystringify,286451426
serialize-javascript,285869936
resolve-cwd,285511180
loader-runner,285109350
http-proxy,285042077
stealthy-require,284139415
browserify-des,283273095
dotenv,282862655
dir-glob,282760591
create-hmac,282195300
ip,280774383
https-proxy-agent,280633115
istanbul-reports,280455804
jest-resolve,280250672
webidl-conversions,280097731
flush-write-stream,280093164
sockjs-client,279928213
diffie-hellman,279450430
browserify-cipher,279296491
minizlib,278368663
react,277855907
css-tree,277725441
watchpack,277469609
warning,277170167
istanbul-lib-report,277012971
loud-rejection,275988931
babel-types,275833750
http-parser-js,275754315
url-parse-lax,275692223
cipher-base,275536504
node-pre-gyp,275152826
clean-css,275080741
fs-minipass,275062673
brorand,274500461
from2,274414130
websocket-driver,274305698
browserify-rsa,274165347
css-loader,273900127
acorn-dynamic-import,273773676
querystring-es3,273549626
browserify-sign,273541373
npm-packlist,273509766
color-string,273063301
worker-farm,272685732
babel-loader,272509116
constants-browserify,272433426
minimalistic-crypto-utils,272360738
miller-rabin,271734357
des.js,271351830
@babel/plugin-transform-destructuring,270192464
builtin-status-codes,269864620
builtin-modules,269366242
to-arraybuffer,269255765
buffer-xor,268412155
nth-check,268000471
randomfill,267981774
@babel/plugin-transform-classes,267786404
websocket-extensions,267656463
json3,267126567
cssstyle,266699514
is-plain-obj,266438029
p-defer,265620178
style-loader,265211029
amdefine,264152457
babel-traverse,263465868
terser,263157097
array-find-index,262921836
test-exclude,261770633
date-now,261428331
jest-message-util,260839200
regexpp,260208373
currently-unhandled,259816108
ast-types,258764683
eventsource,257772523
util.promisify,257593838
map-age-cleaner,257565894
functional-red-black-tree,256936303
svgo,256710287
shallow-clone,256144223
babel-template,256090182
jest-validate,255691549
babel-messages,255347319
cssom,255209359
randomatic,254481178
js-base64,254196975
es6-promisify,253906387
jest-matcher-utils,253852293
sort-keys,253836525
babel-jest,253208331
parallel-transform,252596377
leven,252591097
postcss-modules-local-by-default,252584666
iferr,251501913
vinyl,251411341
npm-bundled,251289432
cyclist,250612158
json-stable-stringify-without-jsonify,250016046
configstore,249827398
react-dom,249628595
jest-diff,249613762
astral-regex,249585074
tr46,249508437
run-queue,249427918
@webassemblyjs/ast,249154054
postcss-modules-values,249061083
copy-concurrently,248670220
indexof,248532670
object.omit,248150079
lodash.template,248052207
babel-generator,248047253
portfinder,247812878
encoding,246821483
jsonify,246694360
move-concurrently,246527585
jest-docblock,246369163
lodash.templatesettings,245966482
ignore-walk,245930461
eslint-visitor-keys,245681401
es5-ext,245546929
bser,245439689
babel-preset-jest,244967117
xml-name-validator,244238620
jest-mock,244169891
@webassemblyjs/helper-wasm-bytecode,244016270
@webassemblyjs/floating-point-hex-parser,243950970
@webassemblyjs/helper-code-frame,243900892
@webassemblyjs/helper-fsm,243631854
terser-webpack-plugin,243318968
node-notifier,242491046
promise-inflight,242422325
needle,242246856
@webassemblyjs/wasm-parser,242135488
@webassemblyjs/wasm-edit,242033997
@webassemblyjs/wasm-opt,241772518
@webassemblyjs/leb128,241507254
@webassemblyjs/helper-buffer,241492937
csso,241126901
http-proxy-middleware,240997115
postcss-load-config,240481976
num2fraction,240149595
babel-plugin-istanbul,240122509
jest-snapshot,239994996
jest-environment-jsdom,239726383
sane,239394963
coa,238547132
regex-cache,238450473
exit,238432330
@webassemblyjs/helper-api-error,238089987
@babel/helper-replace-supers,237890146
jest-regex-util,237878552
strict-uri-encode,237652610
postcss-loader,237362595
icss-utils,237295185
normalize-range,237233901
@babel/plugin-transform-modules-commonjs,236937785
@webassemblyjs/ieee754,235958411
ansi-html,235451808
toidentifier,235192524
boolbase,235060788
is-dotfile,234966362
@webassemblyjs/utf8,234888020
is-primitive,234603776
jest-config,234419061
glob-base,234067214
filename-regex,233973215
prettier,233926209
jest-jasmine2,233538212
original,233399590
boom,233364544
jest-environment-node,233303273
is-equal-shallow,232961901
is-posix-bracket,232606745
preserve,232360074
xdg-basedir,231824942
detect-libc,231225879
exec-sh,230467999
findup-sync,230097966
connect-history-api-fallback,229822156
eslint-plugin-import,229522740
loglevel,229250235
@babel/helper-plugin-utils,229065245
symbol-tree,228750414
whatwg-encoding,228725530
@babel/plugin-transform-block-scoping,228513804
homedir-polyfill,228504745
boxen,227692806
es6-symbol,227385307
duplexer,226906688
@babel/helper-module-transforms,226821426
jest-get-type,225936321
jest-worker,225323786
jest-runtime,225318311
jest-cli,225282338
@babel/plugin-transform-async-to-generator,223627150
fbjs,223279162
spdy,223077237
lodash.uniq,222590580
array-equal,222532065
globule,222474482
fstream,222454509
jest-resolve-dependencies,222248561
@babel/helper-module-imports,222217404
jest,222183898
jest-changed-files,221700861
spdy-transport,221600223
replace-ext,221460179
gaze,220703899
rsvp,220623347
@xtuc/long,220109006
internal-ip,220066662
lodash.memoize,219672561
@babel/helper-define-map,219429986
ansi-align,219225915
shellwords,219166872
node-int64,219009456
uniq,218840513
deepmerge,218015556
lodash._reinterpolate,217485335
@babel/plugin-transform-unicode-regex,217394532
handle-thing,217032569
@babel/plugin-transform-parameters,216979205
ramda,216926728
lower-case,216609048
resolve-dir,216331085
html-encoding-sniffer,216304111
growly,216227179
is-resolvable,216209527
browser-resolve,216044940
expand-tilde,215773462
@babel/plugin-transform-function-name,215453943
utila,215422199
@babel/helper-regex,214719227
@babel/plugin-transform-for-of,214705161
no-case,214143806
selfsigned,214015412
@babel/plugin-transform-modules-systemjs,213953650
crypto-random-string,213705812
import-lazy,213617762
circular-json,213329749
detect-node,213133164
thunky,212659528
jsx-ast-utils,212633509
math-random,212631694
is-retry-allowed,212570175
@babel/helper-hoist-variables,212381634
array-includes,212254725
tsutils,212098623
eslint-plugin-react,212053215
@babel/plugin-transform-dotall-regex,211986959
wbuf,211871266
sockjs,211730872
@babel/helper-call-delegate,211681854
expect,211673337
obuf,211455256
is-absolute-url,211396597
css-selector-tokenizer,211367013
throat,211350595
webpack-log,211231419
filesize,210906799
@babel/plugin-proposal-unicode-property-regex,210880672
lodash.clonedeep,210829161
ua-parser-js,210826503
acorn-walk,210803764
ajv-errors,210602623
postcss-calc,210593750
upper-case,210382964
unique-string,209787880
fastparse,209276908
dns-packet,209020032
cli-boxes,208552309
parse-passwd,208358973
@babel/plugin-transform-template-literals,208253423
multicast-dns,207987178
es6-iterator,207954620
gzip-size,207866145
@babel/helper-member-expression-to-functions,207840571
regenerate-unicode-properties,206960707
is-svg,206877661
hpack.js,206553363
bonjour,206507311
node-gyp,206017919
scheduler,205716461
select-hose,205684659
pluralize,205649610
widest-line,205535997
@babel/plugin-transform-spread,205426272
walker,205035844
http-deceiver,204788036
@babel/plugin-transform-object-super,204748707
tmpl,204375706
bl,204234358
makeerror,204216509
next-tick,204044262
@babel/plugin-proposal-class-properties,203958933
@babel/helper-annotate-as-pure,203506325
param-case,203137515
fast-glob,202752171
killable,202459623
yauzl,202352214
caller-callsite,201275942
@babel/plugin-transform-modules-amd,201245639
duplexer3,201008481
eslint-module-utils,200672901
icss-replace-symbols,200626471
lodash.sortby,200260405
@babel/helper-wrap-function,200259781
unicode-match-property-value-ecmascript,200214549
@babel/helper-simple-access,200001457
dns-equal,199725311
array-filter,199586902
url-loader,199547875
fd-slicer,199141655
@babel/plugin-transform-exponentiation-operator,198678057
@babel/plugin-transform-literals,198524069
append-transform,198465671
@babel/plugin-transform-computed-properties,198394297
@babel/plugin-transform-arrow-functions,198349246
@babel/plugin-transform-shorthand-properties,198306272
type-detect,197669430
package-json,197537246
@babel/plugin-proposal-optional-catch-binding,197502486
postcss-merge-longhand,197481457
@babel/helper-optimise-call-expression,197449043
@babel/plugin-syntax-optional-catch-binding,197381260
postcss-colormin,196797962
postcss-merge-rules,196786238
@babel/helper-remap-async-to-generator,196686790
postcss-minify-selectors,196597084
postcss-ordered-values,196484355
postcss-svgo,196446205
require-from-string,196397840
@babel/plugin-transform-block-scoped-functions,196369648
jest-serializer,196359674
default-require-extensions,196331068
registry-auth-token,196317205
@babel/plugin-transform-sticky-regex,196063598
postcss-minify-params,196004629
postcss-reduce-initial,195746389
@babel/helper-explode-assignable-expression,195650549
postcss-minify-gradients,195644507
@xtuc/ieee754,195596456
@babel/helper-builder-binary-assignment-operator-visitor,195421072
babel-register,195252900
capture-stack-trace,194791992
unicode-property-aliases-ecmascript,194256595
detect-newline,193758510
postcss-unique-selectors,193712011
block-stream,193695369
postcss-discard-duplicates,193607249
postcss-convert-values,193564273
postcss-normalize-url,193467629
html-webpack-plugin,193343911
@babel/plugin-syntax-async-generators,193228579
jest-runner,193119165
postcss-discard-empty,193085779
eslint-import-resolver-node,192880152
postcss-normalize-charset,192727605
@babel/plugin-transform-modules-umd,192711582
unicode-canonical-property-names-ecmascript,192688629
@nodelib/fs.stat,192620555
postcss-discard-overridden,192572042
postcss-minify-font-values,192539297
dateformat,192222155
unzip-response,191574720
babel-helpers,191284875
@babel/plugin-transform-typeof-symbol,191154438
lodash.assign,190091041
mini-css-extract-plugin,189374079
browser-process-hrtime,189247111
babel-plugin-syntax-object-rest-spread,188987316
lodash.isplainobject,188808482
unicode-match-property-ecmascript,188455434
capture-exit,188211290
update-notifier,187433493
whatwg-mimetype,187413374
isomorphic-fetch,187075192
term-size,186979770
create-error-class,186880465
latest-version,186809922
stack-utils,186784776
@babel/plugin-proposal-json-strings,186718910
import-from,186695406
lodash.debounce,186550557
pn,186511674
@babel/plugin-syntax-json-strings,186350292
data-urls,186341247
rechoir,186237597
rx-lite,186138401
jest-leak-detector,185920304
domexception,185452420
sass-loader,185254684
lodash.get,185009006
contains-path,184936417
stack-trace,184794334
relateurl,184361557
shell-quote,184010794
vendors,183672949
ejs,183114443
node-sass,182949033
xregexp,182675732
merge2,182647695
longest,181796959
mdn-data,181735829
js-levenshtein,181670781
istanbul-api,180440168
renderkid,179516071
realpath-native,178799816
left-pad,178631757
lodash.camelcase,178209698
is-builtin-module,178032958
recast,177970697
prompts,177844146
@babel/plugin-transform-named-capturing-groups-regex,177557403
jest-each,177477685
ultron,177449119
flatted,177410757
call-me-maybe,175823010
dom-converter,175550357
@types/q,175408833
moment-timezone,175343794
global-dirs,175185997
sisteransi,174630947
kleur,174222989
jest-watcher,173977695
pretty-error,173678287
alphanum-sort,173118176
is-redirect,171952281
simple-swizzle,171288619
mixin-object,171192025
is-npm,171024489
is-installed-globally,170927107
redux,170813970
fileset,170782573
@babel/plugin-transform-runtime,170532662
v8-compile-cache,169762357
cryptiles,168581041
object.entries,167986559
@types/events,167069288
semver-diff,167032524
type-fest,166985018
date-fns,166258695
klaw,166112266
parent-module,164924906
default-gateway,164468929
winston,163717651
socket.io-parser,163338488
time-stamp,162604100
@mrmlnc/readdir-enhanced,162234084
align-text,162040460
react-transition-group,161644266
in-publish,161620477
raf,161030233
uglify-to-browserify,160952565
sass-graph,160901923
stdout-stream,160886777
true-case-path,160759940
buffer-alloc,160758872
right-align,160512899
center-align,160482827
array-slice,159555586
babel-plugin-transform-es2015-modules-commonjs,159462999
detect-file,158949706
cheerio,158899696
socket.io-client,158189749
babel-plugin-transform-object-rest-spread,157520108
duplexer2,156622989
lodash.defaults,156325373
engine.io-client,156319988
address,155949218
sntp,155623397
babel-plugin-transform-strict-mode,154779706
toposort,153902906
stable,153454721
@types/react,152933706
event-emitter,152925989
lodash.isequal,152223232
merge,152062668
pretty-bytes,151167241
split,151130558
require-uncached,150101870
babel-helper-function-name,149462785
dom-helpers,149393786
@babel/plugin-syntax-jsx,149161371
babel-helper-get-function-arity,149096463
tar-stream,148796899
aws-sdk,148646638
eslint-plugin-jsx-a11y,148224366
v8flags,148021656
babel-plugin-syntax-trailing-function-commas,147969273
array-reduce,147612692
aria-query,147581030
array-map,147354776
make-error,147304858
damerau-levenshtein,146322771
mocha,146029495
react-lifecycles-compat,145767675
lodash.isarguments,145698456
is-regexp,145695382
http-cache-semantics,145618619
object.fromentries,145227563
axobject-query,144658093
growl,144491743
@types/minimatch,144077616
ast-types-flow,143167695
babel-plugin-transform-es2015-parameters,143120780
lodash.isarray,142939480
babel-helper-hoist-variables,142859905
babel-plugin-transform-es2015-destructuring,142603668
babel-plugin-transform-regenerator,142221519
@babel/plugin-transform-react-display-name,142165501
babel-plugin-transform-es2015-function-name,142026977
babel-plugin-syntax-jsx,141818434
babel-plugin-transform-es2015-block-scoping,141628694
babel-helper-call-delegate,141626632
lodash.escape,141556972
buffer-crc32,141443360
babel-plugin-check-es2015-constants,141429966
engine.io-parser,141331468
babel-helper-define-map,141129588
babel-plugin-transform-es2015-spread,141010675
long,140959281
babel-helper-replace-supers,140930667
babel-plugin-transform-es2015-arrow-functions,140879806
babel-helper-optimise-call-expression,140831275
lodash.merge,140787539
babel-plugin-transform-es2015-computed-properties,140455345
set-immediate-shim,140380569
babel-helper-regex,140292965
backo2,140220988
babel-plugin-transform-es2015-template-literals,140103276
babel-plugin-transform-es2015-literals,139725288
unquote,139611078
babel-plugin-transform-es2015-sticky-regex,139595403
p-reduce,139555220
babel-plugin-transform-es2015-unicode-regex,139493979
mamacro,139445504
babel-plugin-transform-es2015-object-super,139421674
lodash.tail,139260998
clone-stats,139029137
lodash._getnative,138997159
@types/glob,137511245
